Issue key,Issue id,Summary,Labels,Labels,Labels,Labels,Labels,Labels,Labels,Custom field (Closed Date),Created,Custom field (Rejected Date),Custom field (Triage Category),Custom field (Triage Assignment),Priority,Custom field (Assessed Date),Custom field (Analyzed Date)
SWDEV-257386,1731362,[Gibraltar] 171343171 v540 gpu downtrain or missing on XPE5 ,"CST,",Gibraltar,,,,,,,20/Oct/20 7:47 PM,,Firmware,SMU,Undefined,,
SWDEV-255671,1719874,[Gibraltar] - 170339783 - amdgpu driver locks up during rocBLAS tests run in parallel,"CST,",Gibraltar,GibraltarML-external,,,,,,07/Oct/20 5:41 PM,,Radeon Open Compute,Math Libraries - rocBLAS/hipBLAS,P2 (Must Solve),24/Oct/20 10:49 PM,
SWDEV-255639,1719733,[Gibraltar] 169092288 - libsmi code coverage - fake_sys_wrapper.cpp has 55%,"CST,",Gibraltar,SMILIB,,,,,,07/Oct/20 2:46 PM,,GPU Virtualization,GPUV-SMI-LIB,P2 (Must Solve),22/Oct/20 1:25 PM,22/Oct/20 1:26 PM
SWDEV-255088,1716714,[Gibraltar] 169092301 libsmi code coverage - gpuvsmi_priv.c has 35% coverage,"CST,",Gibraltar,,,,,,,02/Oct/20 4:37 PM,,GPU Virtualization,Linux Guest Base Driver,P2 (Must Solve),22/Oct/20 1:27 PM,22/Oct/20 1:28 PM
SWDEV-254294,1712419,[Gibraltar] 169430148 - build error: no member named 'vf_ids_equal' in namespace,"CST,",Gibraltar,MUST_FIX,SMILIB,,,,09/Oct/20 10:06 PM,28/Sep/20 11:38 AM,,GPU Virtualization,Linux Guest Base Driver,P2 (Must Solve),01/Oct/20 5:15 PM,01/Oct/20 5:16 PM
SWDEV-253949,1709959,Libgv release 2.0.2 should have version reflected in Makefile,"CST,",Gibraltar,,,,,,05/Oct/20 2:31 PM,24/Sep/20 8:30 PM,05/Oct/20 10:26 AM,GPU Virtualization,Linux Guest Base Driver,P2 (Must Solve),,
SWDEV-253733,1708557,[Gibraltar] -  168930299 code quality needs to be improved,"CST,",Gibraltar,MUST_FIX,,,,,,23/Sep/20 2:06 PM,,GPU Virtualization,Linux Guest Base Driver,P2 (Must Solve),30/Sep/20 8:15 PM,30/Sep/20 8:16 PM
SWDEV-253722,1708485,[Gibraltar] 169092376 - libsmi code coverage - lnx_sys_wrapper.c has 0% coverage,"CST,",Gibraltar,SMILIB,,,,,,23/Sep/20 12:44 PM,,GPU Virtualization,Linux Guest Base Driver,P2 (Must Solve),22/Oct/20 1:29 PM,22/Oct/20 1:31 PM
SWDEV-253550,1707672,[Gibraltar][169179245] Kernel driver in rock-dkms 3.8 fails to build with Linux kernel 5.7.17,"CST,",Gibraltar,,,,,,,22/Sep/20 6:25 PM,,Radeon Open Compute,Kernel,P2 (Must Solve),09/Oct/20 10:37 PM,09/Oct/20 10:47 PM
SWDEV-253298,1706189,[Gibraltar]  169056417 - [libgv]boot log spam - gim error libgv: [c1:0:0][PF][amdgv_ih_iv_ring_entry_process:303] Invalid value(37),"CST,",Gibraltar,,,,,,22/Oct/20 11:15 PM,21/Sep/20 1:04 PM,,GPU Virtualization,Linux Guest Base Driver,P3 (Solution Desired),08/Oct/20 8:11 PM,20/Oct/20 8:26 AM
SWDEV-253297,1706183,[Gibraltar] 169058434 [libgv] Kernel traceback - gim_pci_read_config_byte,"CST,",Gibraltar,,,,,,,21/Sep/20 12:58 PM,21/Sep/20 1:00 PM,GPU Virtualization,Linux Guest Base Driver,Undefined,,
SWDEV-253296,1706182,[Gibraltar] 169058434 [libgv] Kernel traceback - gim_pci_read_config_byte,"CST,",Gibraltar,,,,,,22/Oct/20 11:16 PM,21/Sep/20 12:57 PM,,GPU Virtualization,Linux Guest Base Driver,P3 (Solution Desired),20/Oct/20 8:23 AM,20/Oct/20 8:23 AM
SWDEV-253295,1706181,[Gibraltar] 169058434 [libgv] Kernel traceback - gim_pci_read_config_byte,,,,,,,,,21/Sep/20 12:55 PM,21/Sep/20 8:44 PM,GPU Virtualization,Linux Guest Base Driver,Undefined,,
SWDEV-253290,1706169,[Gibraltar] 169059852 - Test issues with VM on libgv 2.0.2,CST,gibraltar,MUST_FIX,,,,,09/Oct/20 9:51 PM,21/Sep/20 12:49 PM,,GPU Virtualization,Linux Guest Base Driver,P1 (Gating),06/Oct/20 1:35 PM,06/Oct/20 1:36 PM
SWDEV-253289,1706166,[Gibraltar] 169059852 - Test issues with VM on libgv 2.0.2,,,,,,,,,21/Sep/20 12:45 PM,21/Sep/20 8:42 PM,GPU Virtualization,Linux Guest Base Driver,Undefined,,
RTGPLAT-5459,1700409,[Gibraltar] 162454034 - libgv/libsmi did not detect a GPU,"CST,",Gibraltar,,,,,,,14/Sep/20 5:06 PM,,Firmware,SMU,P2 (Must Solve),,
SWDEV-252364,1700363,[Gibraltar] 168510522 [libgv][instinct_mi25] [vega10_handle_page_fault:211] DMAR: trapped by GMC as page,CST,Gibraltar,MUST_FIX,,,,,09/Oct/20 9:47 PM,14/Sep/20 4:06 PM,,GPU Virtualization,Hypervisor Driver,P1 (Gating),08/Oct/20 1:31 PM,08/Oct/20 1:51 PM
SWDEV-251392,1693616,[Gibraltar] 161384191 - release VFs issue with v540,"CST,",Gibraltar,,,,,,30/Sep/20 8:50 PM,07/Sep/20 2:14 PM,,GPU Virtualization,Linux Guest Base Driver,P2 (Must Solve),30/Sep/20 8:48 PM,30/Sep/20 8:49 PM
SWDEV-251108,1691683,[Gibraltar] 167411404 Unable to get wave state from VM on gfx10,"CST,",Gibraltar,,,,,,,03/Sep/20 10:00 AM,,GPU Virtualization,Linux Guest Base Driver,P3 (Solution Desired),24/Sep/20 1:11 PM,
SWDEV-250766,1689510,[Gibraltar] 167388961 [libgv][v540] kernel crash - unable to handle kernel paging request,"CST,",Gibraltar,,,,,,30/Sep/20 8:51 PM,01/Sep/20 12:40 PM,,GPU Virtualization,Linux Guest Base Driver,P1 (Gating),24/Sep/20 9:33 AM,24/Sep/20 9:35 AM
SWDEV-250634,1688770,[Gibraltar] 167294189 gpuvsmi_allocate_vf failed with error No slot available:-12,"CST,",Gibraltar,,,,,,,01/Sep/20 12:08 AM,06/Oct/20 1:36 PM,GPU Virtualization,Linux Guest Base Driver,P3 (Solution Desired),,
SWDEV-250633,1688767,[Gibraltar] 167294189 gpuvsmi_allocate_vf failed with error No slot available:-12,"CST,",Gibraltar,,,,,,,01/Sep/20 12:07 AM,01/Sep/20 12:13 AM,GPU Virtualization,Linux Guest Base Driver,Undefined,,
SWDEV-250073,1685626,[Gibraltar]  166648026 libsmi init fails on instinct_mi25 gpu systems ,"CST,",Gibraltar,,,,,,,27/Aug/20 3:05 PM,27/Aug/20 7:29 PM,GPU Virtualization,Linux Guest Base Driver,Undefined,,
VCESWT-4823,1684287,[Gibraltar][165016074] Issues identified with AGT NV12 rm firmware update with gim driver,Gibraltar,,,,,,,,26/Aug/20 1:14 PM,,GPU Tools,GPU Tools,P1 (Gating),,
SWDEV-248748,1677264,[Gibraltar] 165029479 Kernel traceback - amdgv_mm_rreg,"CST,",Gibraltar,,,,,,,18/Aug/20 6:20 PM,,GPU Virtualization,Linux Guest Base Driver,P2 (Must Solve),,
SWDEV-248580,1676179,[Gibraltar]165016074 remote mgmt upgrade is flaky,"CST,",Gibraltar,,,,,,,17/Aug/20 6:22 PM,,GPU Virtualization,Linux Guest Base Driver,P2 (Must Solve),,
SWDEV-248235,1673622,[Gibraltar] 164190370 libsmi 2.0.1.2 compile errors,"CST,",Gibraltar,SMILIB,,,,,,13/Aug/20 5:31 PM,,GPU Virtualization,GPUV-SMI-LIB,P2 (Must Solve),17/Aug/20 7:01 AM,17/Aug/20 2:38 PM
SWDEV-247685,1670564,[Gibraltar] 162779075 Uncorr ECC not supported in 113-D0531800-C04,"CST,",Gibraltar,MUST_FIX,,,,,,10/Aug/20 11:58 PM,,GPU Virtualization,Linux Guest Base Driver,P2 (Must Solve),13/Aug/20 8:48 AM,13/Aug/20 8:48 AM
SWDEV-247436,1668456,[Gibraltar] 163149952 [libgv][v340] Kernel traceback - amdgv_misc_clear_vf_fb,"CST,",Gibraltar,,,,,,09/Oct/20 9:45 PM,07/Aug/20 5:09 PM,,GPU Virtualization,Linux Guest Base Driver,P2 (Must Solve),11/Aug/20 3:12 PM,13/Aug/20 8:46 AM
SWDEV-247403,1668292,[Gibraltar] 163148304  [libgv][v340] NULL ptr deference causing kernel crash,CST,Gibraltar,MUST_FIX,,,,,18/Aug/20 1:18 PM,07/Aug/20 2:34 PM,,GPU Virtualization,Linux Guest Base Driver,P1 (Gating),11/Aug/20 3:01 PM,13/Aug/20 12:53 PM
SWDEV-247239,1666848,[Gibraltar] Seeing gim error libgv: [cc:0:0][navi12_smu_11_0_send_msg_with_param:184] Failed to send  ,Gibraltar,MUST_FIX,,,,,,,06/Aug/20 4:09 PM,,GPU Virtualization,VBIOS,P2 (Must Solve),,
SWDEV-246887,1664968,[Gibraltar] 162600614 GIM crashes when BAR0 is unassigned,"CST,",Gibraltar,,,,,,,04/Aug/20 7:45 PM,,GPU Virtualization,Linux Guest Base Driver,P3 (Solution Desired),,
SWDEV-246745,1663886,[Gibraltar] 162777210 vega + libgv (with mactruck) returns invalid mem_usage,"CST,",Gibraltar,MUST_FIX,SMILIB,,,,,03/Aug/20 6:33 PM,,GPU Virtualization,Hypervisor Driver,P2 (Must Solve),06/Aug/20 11:11 PM,20/Aug/20 4:24 AM
SWDEV-246557,1662457,[Gibraltar] 162454034 - libgv/libsmi did not detect a GPU,CST,Gibraltar,,,,,,,30/Jul/20 1:16 PM,15/Oct/20 1:22 PM,GPU Virtualization,Linux Guest Base Driver,P2 (Must Solve),24/Aug/20 6:03 PM,
SWDEV-245938,1658685,[Gibraltar] 162097810 SMU errors and driver crash on libgv 2.0.1 and v540,"CST,",Gibraltar,,,,,,09/Oct/20 10:07 PM,24/Jul/20 5:27 PM,,GPU Virtualization,Hypervisor Driver,P1 (Gating),14/Sep/20 3:18 PM,14/Sep/20 3:19 PM
SWDEV-244708,1650824,[Gibraltar] 161384191 - release VFs issue with v540,"CST,",Gibraltar,,,,,,14/Aug/20 12:29 AM,15/Jul/20 5:17 PM,14/Aug/20 12:29 AM,GPU Virtualization,Linux Guest Base Driver,P2 (Must Solve),,
SWDEV-244666,1650389,[Gibraltar] 161260372 - Kernel tracback on libgv + v340 - amdgv_vbios_atom_init,"CST,",Gibraltar,,,,,,09/Oct/20 9:49 PM,15/Jul/20 11:37 AM,,GPU Virtualization,Linux Guest Base Driver,P2 (Must Solve),06/Oct/20 5:45 PM,06/Oct/20 5:48 PM
SWDEV-244665,1650384,[Gibraltar] 161304209 - libgv 2.0.1 compile errors,CST,Gibraltar,,,,,,28/Jul/20 12:51 PM,15/Jul/20 11:34 AM,,GPU Virtualization,Linux Guest Base Driver,P1 (Gating),28/Jul/20 12:30 PM,28/Jul/20 12:30 PM
SWDEV-244616,1650018,[Gibraltar] 161253351 - SMU is not responding on libgv + V340 machines,"CST,",Gibraltar,,,,,,06/Oct/20 5:40 PM,15/Jul/20 3:36 AM,06/Oct/20 5:40 PM,GPU Virtualization,Linux Guest Base Driver,P3 (Solution Desired),,
SWDEV-244562,1649662,[Gibraltar] 161180209 - missing GPU after upgrading Rm firmware,"CST,",Gibraltar,,,,,,18/Aug/20 11:03 AM,14/Jul/20 4:35 PM,,Firmware,SMU,P1 (Gating),04/Aug/20 2:20 PM,04/Aug/20 2:20 PM
SWDEV-244545,1649581,[Gibraltar] 160800707 amdgpu loading issues on rome + semitruck + v340,CST,Gibraltar,,,,,,21/Jul/20 4:24 PM,14/Jul/20 3:13 PM,,GPU Virtualization,Linux Guest Base Driver,P2 (Must Solve),21/Jul/20 1:38 PM,21/Jul/20 1:41 PM
SWDEV-244533,1649498,[Gibraltar]  Renderdoc image in multiple VM. ,,,,,,,,,14/Jul/20 1:58 PM,22/Jul/20 10:02 AM,GPU Virtualization,General Triage,Undefined,,
DIAG-8060,1645074,diagtool tserver utility fails to run,CST,Gibraltar,,,,,,,08/Jul/20 8:27 PM,18/Aug/20 12:50 PM,GPU Tools,,Undefined,,
SWDEV-243571,1643449,[Gibraltar][160688306]READ VBIOS failed on kernel with RC9 patch,CST,Gibraltar,gibraltar_customer,,,,,21/Jul/20 1:13 PM,07/Jul/20 11:21 AM,21/Jul/20 1:13 PM,GPU Virtualization,Hypervisor Driver,Undefined,,
SWDEV-243141,1641244,[Gibraltar] 160336350 gpuvsmi_test_init tests fail if order is changed,"CST,",Gibraltar,SMILIB,,,,,09/Oct/20 10:22 PM,02/Jul/20 3:40 PM,,GPU Virtualization,Linux Guest Base Driver,P2 (Must Solve),06/Jul/20 2:05 PM,17/Jul/20 3:26 AM
SWDEV-242071,1634612,[Gibraltar] 159157275 xgemm failures on gpus in MiM,"CST,",Gibraltar,,,,,,,23/Jun/20 3:23 PM,21/Jul/20 1:48 AM,Firmware,SMU,P2 (Must Solve),,
SWDEV-240856,1627568,[Gibraltar] 159029890 eeprom write failures on v540 PS cards,"CST,",Gibraltar,,,,,,09/Oct/20 10:58 PM,15/Jun/20 5:42 PM,14/Jul/20 1:39 PM,Firmware,SMU,Undefined,,
SWDEV-240229,1623594,[Gibraltar] 158700057 smit init failing on navi12 machine with Libgv 2.0,"CST,",Gibraltar,,,,,,,10/Jun/20 7:15 PM,16/Jun/20 1:41 PM,GPU Virtualization,Hypervisor Driver,Undefined,,
SWDEV-240186,1623362,[Gibraltar] 157074199 Add error retrieval for Libgv initialization failures,"CST,",Gibraltar,MUST_FIX,,,,,,10/Jun/20 1:25 PM,,,,P2 (Must Solve),21/Jul/20 4:51 PM,21/Jul/20 4:52 PM
SWDEV-240177,1623313,158019587 libgv is updating static bus info in sysfs,"CST,",Gibraltar,,,,,,16/Jun/20 1:50 PM,10/Jun/20 12:31 PM,16/Jun/20 1:00 PM,GPU Virtualization,GPUV-SMI-LIB,Undefined,,
SWDEV-240042,1622504, 158339029 The ggp-bundle 20200325 causes DOOM to perf lower than earlier 20190819 version,"CST,",Gibraltar,,,,,,,09/Jun/20 3:54 PM,,GPU Virtualization,HW uCode,P2 (Must Solve),,
SWDEV-239846,1621401,[Gibraltar] 158513053 - heap error in smi_init_test ,"CST,",Gibraltar,MUST_FIX,,,,,18/Aug/20 1:20 PM,08/Jun/20 6:10 PM,,GPU Virtualization,GPUV-SMI-LIB,P1 (Gating),09/Jun/20 4:21 AM,17/Jun/20 10:44 AM
LWPVATS-892,1621002,[Gibratlar] 20Q2 N-2/20Q1 N-1 Test - Mailbox Attack 3 - No Full Access Flr happened,Gibraltar,,,,,,,26/Aug/20 10:25 AM,08/Jun/20 11:56 AM,30/Jul/20 12:50 AM,GPU Virtualization,Linux Guest Base Driver,P2 (Must Solve),,
SWDEV-239321,1618402,[Gibraltar / MI25 / V340] 20Q2 N-2  failed to init MMSCH on Guest with Vbios B04/Q00 with 19Q3 Gim,CST,gibraltar,NicetoHave,,,,,26/Jun/20 1:44 PM,04/Jun/20 12:06 PM,26/Jun/20 12:57 PM,GPU Virtualization,Hypervisor Driver,P3 (Solution Desired),10/Jun/20 10:15 PM,08/Jun/20 12:20 PM
LWPVATS-869,1616186,"20Q2 N-2 Test, FB Scan failed ",CST,gibraltar,vats2,,,,,,02/Jun/20 1:41 PM,04/Jun/20 1:02 AM,,,Undefined,,
SWDEV-238933,1616111,[Gibratlar] 20Q2 N-2/20Q1 N-1 Test - Mailbox Attack 3 - No Full Access Flr happened,CST,Gibraltar,gibraltar_v340,gibratlar,MUST_FIX,,,08/Jun/20 12:00 PM,02/Jun/20 12:05 PM,04/Jun/20 10:25 PM,GPU Virtualization,Linux Guest Base Driver,P2 (Must Solve),,
SWDEV-238024,1610411,[Gibraltar]  157500578 Unable to run xgemm due to SMU stuck messages,"CST,",Gibraltar,NicetoHave,,,,,,26/May/20 8:07 PM,24/Jul/20 10:12 AM,GPU Virtualization,Hypervisor Driver,P3 (Solution Desired),,
SWDEV-238021,1610400,[Gibraltar][libGV]  See DMAR: trapped by GMC  in dmesg with 20200516 drop,MUST_FIX,,,,,,,,26/May/20 7:23 PM,,GPU Virtualization,Hypervisor Driver,P2 (Must Solve),03/Jun/20 4:55 AM,03/Jun/20 4:56 AM
SWDEV-237942,1610126,[Gibraltar] 157479429 Missing v540 GPUs in system,NicetoHave,,,,,,,09/Oct/20 11:00 PM,26/May/20 1:10 PM,07/Jul/20 1:58 PM,Firmware,SMU,P2 (Must Solve),,
SWDEV-236909,1603936,[Gibraltar] 156932565 libsmi api for link speed,"CST,",Gibraltar,SMILIB,,,,,,18/May/20 6:22 PM,09/Jun/20 4:25 AM,GPU Virtualization,Hypervisor Driver,P2 (Must Solve),01/Jun/20 4:33 AM,
SWDEV-236793,1603151,[Gibraltar] 153591620 Please test libgv with CONFIG_GIM_STATIC_ID,"CST,",Gibraltar,,,,,,,18/May/20 1:36 AM,18/May/20 1:42 AM,GPU Virtualization,Hypervisor Driver,Undefined,,
SWDEV-236481,1601558,[Gibraltar]  156684071 add link speed to smi pci bus info,"CST,",Gibraltar,,,,,,19/May/20 5:43 PM,14/May/20 8:18 PM,,GPU Virtualization,Linux Guest Base Driver,P3 (Solution Desired),19/May/20 5:41 PM,19/May/20 5:42 PM
SWDEV-236476,1601538,[Gibraltar] 156669691 HIP/issues/2082: cuda_wrapper inclusion needs to be fixed,"CST,",Gibraltar,GibraltarML-external,ROCm3.7,,,,18/Aug/20 1:07 PM,14/May/20 7:04 PM,,Radeon Open Compute,Compiler - HIP Clang,P2 (Must Solve),26/May/20 3:03 PM,04/Jun/20 12:57 PM
VCESWT-4516,1600369,[Gibraltar][156497423] need amdvbflash to handle GPU error condition better. ,gibraltar,gibraltar_customer,,,,,,,13/May/20 6:01 PM,,AMDVBFlash,AMDVBFlash,P2 (Must Solve),30/Jun/20 12:28 PM,30/Jun/20 12:28 PM
SWDEV-236111,1599521,[156407731] Gibraltar ROCclr/issues/2: Invalid buffer reallocation ,"CST,",Gibraltar,GibraltarML-external,ROCm3.7,,,,23/Sep/20 12:03 AM,13/May/20 2:55 AM,,Radeon Open Compute,Runtime_HIP/ROCClr,P2 (Must Solve),21/May/20 12:25 PM,21/May/20 12:25 PM
SWDEV-236110,1599513,[156406754] Gibraltar ROCclr/issues/3: `kind` may be used uninitialized if preceding `amd::Comgr::index_list_metadata` call fails,"CST,",Gibraltar,GibraltarML,GibraltarML-external,ROCm3.7,,,09/Oct/20 10:51 PM,13/May/20 2:38 AM,,Radeon Open Compute,Tools - General,P2 (Must Solve),15/May/20 4:00 PM,15/May/20 4:00 PM
VCESWT-4509,1594641,[Gibraltar] upon running the amdvbflash  and reboot V340L device id turn to MI25 ,,,,,,,,,07/May/20 11:01 AM,,AMDVBFlash,AMDVBFlash,P2 (Must Solve),30/Jun/20 12:33 PM,30/Jun/20 12:33 PM
SWDEV-234117,1589125,"[Gibraltar]  155401615 PF and VF count mismatch, no error detected in driver","CST,",Gibraltar,,,,,,,30/Apr/20 12:40 PM,24/Aug/20 5:08 PM,GPU Virtualization,Linux Guest Base Driver,P3 (Solution Desired),,
SWDEV-233060,1582574, 154740437 xgemm issues on v540 with new vbios,"CST,",Gibraltar,,,,,,29/Apr/20 2:42 PM,23/Apr/20 2:10 PM,29/Apr/20 10:04 AM,GPU Virtualization,Linux Guest Base Driver,P1 (Gating),,
SWDEV-233037,1582401,[Gibratlar] 20Q1 N-1 Test - Mailbox Attack - Load guest driver failed : VATS1,CST,gibratlar,,,,,,,23/Apr/20 11:56 AM,24/Jul/20 12:56 AM,GPU Virtualization,Linux Guest Base Driver,P2 (Must Solve),,
SWDEV-232451,1578361,[Gibratlar] 20Q1 N-1/20Q2 N-2 Test - Event Guard - flr event state is not active ,CST,Gibraltar,gibraltar_v340,gibratlar,,,,,20/Apr/20 11:38 AM,,GPU Virtualization,Linux Guest Base Driver,P3 (Solution Desired),,
SWDEV-232448,1578357,[Gibratlar] 20Q2 N-2/20Q1 N-1 Test - Mailbox Attack 3 - No Full Access Flr happened,CST,Gibraltar,gibraltar_v340,gibratlar,MUST_FIX,,,01/May/20 3:04 PM,20/Apr/20 11:35 AM,23/Apr/20 5:56 AM,GPU Virtualization,Linux Guest Base Driver,P2 (Must Solve),,
SWDEV-232447,1578353,[Gibratlar] 20Q2 N-2 / 20Q1 N-1 Test - Mailbox Attack 1 Unload host driver failed,CST,Gibraltar,gibraltar_v340,gibratlar,,,,,20/Apr/20 11:30 AM,,GPU Virtualization,General Triage,P3 (Solution Desired),,
VCESWT-4468,1577506,[Gibraltar] V540 DPM state levels are not consistent ,"CST,",Gibraltar,,,,,,,19/Apr/20 1:26 AM,30/Apr/20 1:43 AM,SB Timer Tool,,Undefined,,
SWDEV-232034,1576071,154246508 ROCclr misses licensing info,"CST,",Gibraltar,,,,,,28/Apr/20 2:27 PM,16/Apr/20 8:58 PM,,Radeon Open Compute,Installation and Packaging,P2 (Must Solve),17/Apr/20 4:02 PM,17/Apr/20 4:02 PM
SWDEV-232033,1576067,154264279 GPUs not running at full power with Xgemm,"CST,",Gibraltar,,,,,,12/May/20 1:37 PM,16/Apr/20 8:55 PM,,GPU Virtualization,Linux Guest Base Driver,P3 (Solution Desired),21/Apr/20 1:50 PM,21/Apr/20 1:51 PM
SWDEV-231907,1575311,[Gibraltar] V540 DPM state residency level stuck at 15,"CST,",Gibraltar,,,,,,,16/Apr/20 9:38 AM,16/Jul/20 4:06 AM,GPU Virtualization,Hypervisor Driver,Undefined,,
SWDEV-231823,1574895,[Gibraltar] 154178519 multithreaded test fails in smi_integration_test,"CST,",Gibraltar,NicetoHave,SMILIB,,,,09/Oct/20 10:26 PM,16/Apr/20 12:45 AM,,GPU Virtualization,Hypervisor Driver,P2 (Must Solve),23/Apr/20 3:32 AM,20/May/20 4:41 PM
SWDEV-231291,1571899,[Gibraltar]  153866897 GFX INIT register failed,"CST,",Gibraltar,,,,,,,13/Apr/20 11:27 AM,,GPU Virtualization,Hypervisor Driver,P3 (Solution Desired),,
SWDEV-231102,1570308, [Gibraltar][153729707] Pixel differences from Software num7 to Software num9,"CST,",Gibraltar,gibraltar_customer,VK_RELEASE_NOTES,,,,,10/Apr/20 12:39 PM,29/Jun/20 12:24 PM,Vulkan,Vulkan Linux,P1 (Gating),,
SWDEV-230957,1569497,[Gibraltar] 153681489 v340 eeprom format change? ,"CST,",Gibraltar,,,,,,,09/Apr/20 6:20 PM,21/Apr/20 1:46 PM,Firmware,VBIOS,Undefined,,
SWDEV-230877,1568876,[Gibraltar] 148389698 Firmware reflash does not recover gpus with AMDGIM_ERROR_PF_POST_VBIOS_FAIL and/or AMDGIM_ERROR,CST,Gibraltar,,,,,,22/Oct/20 11:16 PM,09/Apr/20 9:32 AM,,GPU Virtualization,Linux Guest Base Driver,P3 (Solution Desired),09/Oct/20 11:10 PM,09/Oct/20 11:11 PM
SWDEV-230811,1568538,"[Gibraltar] 153090571 two variants of migraphx package different .deb file sizes, but have virtually identical content, possible issue","CST,",Gibraltar,,,,,,01/May/20 12:55 PM,09/Apr/20 3:37 AM,01/May/20 12:55 PM,Radeon Open Compute,Installation and Packaging,Undefined,,
SWDEV-230751,1568273,[Gibraltar] 153592665 Add allcoated flag to smi_vf_config,"CST,",Gibraltar,,,,,,16/Jul/20 1:50 PM,08/Apr/20 8:14 PM,16/Jul/20 4:04 AM,GPU Virtualization,Hypervisor Driver,Undefined,,
SWDEV-230556,1567020,[Gibraltar] 153332892 kernel traceback - amdgim_do_relvf,"CST,",Gibraltar,,,,,,,07/Apr/20 3:47 PM,12/May/20 11:42 AM,GPU Virtualization,Hypervisor Driver,P3 (Solution Desired),,
SWDEV-230555,1567016,[Gibraltar] 153466290 libgv 1.9.4 not probing v340,CST,Gibraltar,,,,,,,07/Apr/20 3:43 PM,27/Apr/20 9:55 AM,GPU Virtualization,Linux Guest Base Driver,Undefined,,
SWDEV-229853,1563213,[Gibraltar] 153090571 rocm package MIGraphX3.3.0 (and others) violates Debian's package name policy,3.5Critical,CST,Gibraltar,GibraltarML-external,,,,09/Oct/20 10:53 PM,02/Apr/20 2:45 PM,,Radeon Open Compute,Installation and Packaging,P1 (Gating),06/Apr/20 12:18 PM,06/May/20 5:29 PM
SWDEV-229715,1562149,[Gibraltar] 152977775 how and what to set in 'event_set' for gpuvsmi_event_read,CST,Gibraltar,SMILIB,,,,,09/Oct/20 10:25 PM,01/Apr/20 1:50 PM,,GPU Virtualization,GPUV-SMI-LIB,P2 (Must Solve),15/Apr/20 9:09 AM,30/Apr/20 1:04 PM
SWDEV-229714,1562144,[Gibraltar]152811343 compilation issue while enabling CONFIG_GIM_STATIC_ID,CST,gibraltar,,,,,,28/Jul/20 5:28 PM,01/Apr/20 1:46 PM,28/Jul/20 5:27 PM,GPU Virtualization,Hypervisor Driver,Undefined,,
SWDEV-229203,1559408,20Q1 [ubuntu1804] guest amdgpu dkms driver load fails on Skylake V320,"CST,",Gibraltar,,,,,,,29/Mar/20 2:00 PM,,GPU Virtualization,Linux Guest Base Driver,P1 (Gating),01/Apr/20 2:47 AM,26/Apr/20 6:15 AM
SWDEV-228849,1556906,20Q1 [ubuntu1804] guest amdgpu dkms driver load fails with 2019Q3 host gim on Skylake V340,"CST,",Gibraltar,,,,,,20/Apr/20 2:59 PM,26/Mar/20 12:40 AM,09/Apr/20 8:50 PM,GPU Virtualization,Hypervisor Driver,P1 (Gating),01/Apr/20 2:45 AM,
SWDEV-228583,1555640,[Gibraltar][libGV][NV12] need to get Board Serial # for NV12,,,,,,,,,24/Mar/20 1:59 PM,13/Apr/20 3:00 PM,,,Undefined,,
SWDEV-228151,1553415,[Gibraltar]151964654 Get VF handle form VF BDF ,CST,Gibraltar,,,,,,,20/Mar/20 4:53 PM,13/Apr/20 3:03 PM,GPU Virtualization,Hypervisor Driver,Undefined,,
VCESWT-4421,1553406,[Gibraltar][152072484] Unexpected whitespace in output of amdvbflash,CST,Gibraltar,,,,,,,20/Mar/20 4:43 PM,,AMDVBFlash,AMDVBFlash,P2 (Must Solve),28/Apr/20 2:31 PM,28/Apr/20 2:32 PM
SWDEV-227127,1548003,[Gibraltar] 151339480 Invalid error returned during init,CST,Gibraltar,,,,,,16/Jul/20 1:50 PM,13/Mar/20 3:51 PM,16/Jul/20 4:03 AM,GPU Virtualization,Hypervisor Driver,Undefined,,
SWDEV-227126,1547996,[Gibraltar] 151456294 Serial number returned has a negative value on v540 ,CST,Gibraltar,,,,,,21/Jul/20 8:43 PM,13/Mar/20 3:44 PM,,GPU Virtualization,Hypervisor Driver,P2 (Must Solve),12/May/20 1:55 PM,12/May/20 1:55 PM
LWPVATS-335,1546659,[Gibraltar][GBT-NV12] Unable to run 20200307.zip drop on GBT/Semitruck system with NV12.,,,,,,,,,12/Mar/20 3:36 PM,,,,Undefined,,
SWDEV-226965,1546641,[Gibraltar][V340L] See PCIe resource issue with 20200307 drops VBIOS with GBT system + 7 V340L ,MUST_FIX,,,,,,,28/May/20 9:28 PM,12/Mar/20 3:17 PM,28/May/20 3:02 PM,GPU Virtualization,General,P2 (Must Solve),,
SWDEV-226782,1542906,[Gibraltar]151177156 sched warning messages in dmesg,"CST,",Gibraltar,,,,,,,11/Mar/20 3:46 PM,,GPU Virtualization,Hypervisor Driver,P2 (Must Solve),11/Mar/20 5:13 PM,13/Mar/20 7:50 PM
CMSPPT-1647,1537449,Request for new Gerrit Repo: /amd/ec/fae/tlee_pe,,,,,,,,,09/Mar/20 11:51 AM,,,,Undefined,09/Mar/20 12:23 PM,09/Mar/20 12:23 PM
SWDEV-225828,1535100,[Gibraltar] 150806116 serial number is 0 on all v540 cards ,"CST,",Gibraltar,,,,,,10/Mar/20 2:13 PM,05/Mar/20 11:26 AM,09/Mar/20 10:53 AM,GPU Virtualization,Hypervisor Driver,P2 (Must Solve),,
SWDEV-225689,1534366, 150141176 Unrecognized device when fetching driver version,CST,Gibraltar,SMILIB,,,,,,04/Mar/20 5:00 PM,05/Mar/20 9:58 AM,GPU Virtualization,Hypervisor Driver,P2 (Must Solve),,
SWDEV-225687,1534363,"[Gibraltar] 150389552 allocate should return an error to indicate no free VF;s available",CST,Gibraltar,SMILIB,,,,,,04/Mar/20 4:55 PM,06/Mar/20 5:57 AM,,,Undefined,,
SWDEV-225685,1534357,[Gibraltar] 150138425 gpuvsmi should provide meaningful return value,CST,Gibraltar,SMILIB,,,,,,04/Mar/20 4:43 PM,06/Mar/20 5:53 AM,GPU Virtualization,Hypervisor Driver,P2 (Must Solve),,
SWDEV-225683,1534354,[Gibraltar] 150391858 gpuvsmi_free_vf needs parent device handle?,CST,Gibraltar,SMILIB,,,,,,04/Mar/20 4:40 PM,06/Mar/20 3:40 AM,,,Undefined,,
SWDEV-225682,1534350,[Gibraltar] 150401223 kernel tracebacks when clearing FB,CST,Gibraltar,,,,,,21/Jul/20 1:13 PM,04/Mar/20 4:37 PM,,GPU Virtualization,Hypervisor Driver,P3 (Solution Desired),06/Apr/20 9:16 PM,07/Apr/20 8:40 AM
SWDEV-225678,1534341,"[Gibraltar] 150401603 Failed to send message"" in dmesg when allocate fails ",Gibraltar,navi12,,,,,,11/Mar/20 3:27 PM,04/Mar/20 4:26 PM,,GPU Virtualization,Hypervisor Driver,P1 (Gating),09/Mar/20 1:53 PM,09/Mar/20 1:54 PM
SWDEV-225676,1534338,"[Gibraltar] 150738439 libsmi compile errors, need to enforce make rule","CST,",Gibraltar,SMILIB,,,,,06/Mar/20 6:16 AM,04/Mar/20 4:22 PM,,GPU Virtualization,Hypervisor Driver,P2 (Must Solve),06/Mar/20 4:00 AM,06/Mar/20 4:33 AM
SWDEV-225666,1534314,[Gibraltar] 150790088 gpu init failure with dmesg errors when libgv module is loaded,"CST,",Gibraltar,,,,,,13/Mar/20 8:35 AM,04/Mar/20 3:59 PM,13/Mar/20 8:35 AM,GPU Virtualization,Hypervisor Driver,P2 (Must Solve),11/Mar/20 4:23 AM,13/Mar/20 8:35 AM
SWDEV-225465,1533255,[Gibraltar] 150639101 API to get VF's allocated in a PF,CST,Gibraltar,,,,,,24/Apr/20 11:18 AM,03/Mar/20 5:16 PM,06/Mar/20 11:31 AM,GPU Virtualization,GPUV-SMI-LIB,P2 (Must Solve),,
SWDEV-225464,1533251,[Gibraltar] 150642156 API to get parent device for VF,CST,gibraltar,,,,,,16/Jul/20 1:52 PM,03/Mar/20 5:13 PM,16/Jul/20 4:03 AM,GPU Virtualization,Hypervisor Driver,Undefined,,
SWDEV-225461,1533245,[Gibraltar]  150469960 Common API to get handle for PF and VF,CST,Gibraltar,SMILIB,,,,,,03/Mar/20 5:10 PM,06/Mar/20 3:29 AM,GPU Virtualization,Hypervisor Driver,P2 (Must Solve),,
SWDEV-225442,1533057,[Gibraltar] 50138425 gpuvsmi_init failed with SMI_ERR_API_FAILED error ,"CST,",Gibraltar,,,,,,,03/Mar/20 3:22 PM,16/Jul/20 4:02 AM,GPU Virtualization,Hypervisor Driver,Undefined,,
SWDEV-225439,1533034,[Gibraltar] 50138425 gpuvsmi_init failed with SMI_ERR_API_FAILED error ,,,,,,,,,03/Mar/20 3:04 PM,06/Mar/20 12:42 AM,GPU Virtualization,Hypervisor Driver,Undefined,,
SWDEV-225431,1533000,[Gibraltar] 50138425 gpuvsmi_init failed with SMI_ERR_API_FAILED error ,,,,,,,,,03/Mar/20 2:40 PM,06/Mar/20 12:42 AM,GPU Virtualization,Hypervisor Driver,Undefined,,
SWDEV-225430,1532996,[Gibraltar] 50138425 gpuvsmi_init failed with SMI_ERR_API_FAILED error ,,,,,,,,,03/Mar/20 2:38 PM,06/Mar/20 12:42 AM,GPU Virtualization,Hypervisor Driver,Undefined,,
SWDEV-224815,1529614,[Gibraltar] 150404969 Are VF's allocated when modules are loaded?,,,,,,,,24/Apr/20 3:42 AM,27/Feb/20 5:15 PM,28/Feb/20 11:11 AM,GPU Virtualization,Hypervisor Driver,P2 (Must Solve),,
SWDEV-224809,1529591,"[Gibraltar] 150401603  ""Failed to send message"" in dmesg when allocate fails",,,,,,,,,27/Feb/20 4:54 PM,05/Mar/20 4:09 AM,GPU Virtualization,Hypervisor Driver,Undefined,,
SWDEV-224801,1529513,[Gibraltar] 150371658 Improve libgv logging to help parsing,CST,Gibraltar,,,,,,07/May/20 6:50 PM,27/Feb/20 3:49 PM,,GPU Virtualization,Hypervisor Driver,P2 (Must Solve),09/Apr/20 1:09 PM,09/Apr/20 1:09 PM
SWDEV-224795,1529467,[Gibraltar] 150012096 libsmi error debugging,CST,Gibraltar,SMILIB,,,,,,27/Feb/20 3:15 PM,,GPU Virtualization,Hypervisor Driver,P2 (Must Solve),02/Mar/20 3:52 AM,16/Mar/20 4:18 AM
SWDEV-224789,1529457,[Gibraltar] 149846689 Provide test for clearing and verifying framebuffer,CST,Gibraltar,SMILIB,,,,,10/Mar/20 12:13 PM,27/Feb/20 3:04 PM,28/Feb/20 11:17 AM,GPU Virtualization,Hypervisor Driver,P2 (Must Solve),,
SWDEV-224600,1528286,[Gibraltar] 150201887 gpuvsmi_allocate_vf failed with error SMI_ERR_API_FAILED,SMIDRV,SMILIB,,,,,,28/Apr/20 2:20 PM,26/Feb/20 1:58 PM,06/Mar/20 11:18 AM,GPU Virtualization,GPUV-SMI-LIB,P2 (Must Solve),06/Mar/20 5:30 AM,
SWDEV-224587,1528239,[Gibraltar] 150235872 ROCm libraries should not require external runtime dependencies,GibraltarML,GibraltarML-external,,,,,,,26/Feb/20 1:03 PM,,Radeon Open Compute,Compiler - Assembler/Dissembler,P2 (Must Solve),18/Sep/20 2:09 PM,18/Sep/20 2:11 PM
SWDEV-224586,1528237,[Gibraltar] 150132120 rock-dkms package fails to build the driver for linux kernel 5.1,GibraltarML,GibraltarML-external,ROCm3.3,,,,,28/Apr/20 2:42 PM,26/Feb/20 1:01 PM,,Radeon Open Compute,Kernel,P2 (Must Solve),28/Apr/20 2:40 PM,28/Apr/20 2:41 PM
SWDEV-224023,1524795,clinfo utility output: SIMD / CU count displayed incorrectly on NAVI12,CST,,,,,,,,21/Feb/20 3:12 PM,,Linux - Pro (amdgpu),Radeon Compute Runtime_OpenCL,P3 (Solution Desired),06/Mar/20 3:24 PM,06/Mar/20 3:24 PM
RTGPLAT-3630,1524084,"[NV12] Gibraltar reports the checksum of the remote management FW is non-zero, not comply to IPMI spec",Gibraltar,,,,,,,02/Mar/20 10:26 AM,20/Feb/20 3:33 PM,,Board/Socket Related,Board Design,P1 (Gating),,25/Feb/20 2:30 PM
SWDEV-223567,1522130,[GIbraltar] 149740818 Can we pull from github using ssh instead of https,GibraltarML,GibraltarML-external,,,,,,,18/Feb/20 5:12 PM,,Radeon Open Compute,Installation and Packaging,P2 (Must Solve),18/Mar/20 1:56 PM,20/Mar/20 5:54 PM
SWDEV-223566,1522128,[Gibraltar] 149743537 - Error calling repo sync,GibraltarML,GibraltarML-external,,,,,,,18/Feb/20 5:09 PM,28/Feb/20 12:36 PM,Radeon Open Compute,Installation and Packaging,P2 (Must Solve),,
SWDEV-223564,1522122,[GIbraltar] 149769907 Troubles with build_rocm.sh,GibraltarML,GibraltarML-external,,,,,,06/May/20 3:33 PM,18/Feb/20 4:59 PM,,Radeon Open Compute,Compiler - HCC,P4 (No Impact/Notify),20/Feb/20 3:53 PM,20/Feb/20 3:53 PM
SWDEV-223531,1521945,[Gibraltar] 148952661 sysfs files reporting more GPU than what is present,CST,Gibraltar,,,,,,,18/Feb/20 1:55 PM,11/Mar/20 8:23 AM,GPU Virtualization,Hypervisor Driver,P2 (Must Solve),,
SWDEV-222901,1517530,[Gibraltar] 148797806 OpenCL update needed for v540,CST,Gibraltar,,,,,,06/May/20 3:39 PM,12/Feb/20 12:54 PM,,GPU Virtualization,Linux Guest Base Driver,P3 (Solution Desired),06/May/20 3:38 PM,06/May/20 3:38 PM
LWPVATS-50,1515652,[VATS2] tdr_3.py Some of the log.error convey improper information,,,,,,,,,10/Feb/20 5:57 PM,,GPU Virtualization,VATS2,Undefined,12/Feb/20 6:50 AM,12/Feb/20 6:50 AM
LWPVATS-51,1515390,[Gibraltar][SRIOV][NV12][VATS] Add test case similar to TESTSMC failure. ,,,,,,,,,10/Feb/20 1:04 PM,,GPU Virtualization,VATS2,Undefined,,18/Feb/20 6:56 AM
SWDEV-222451,1514194,[Gibraltar] 148962625 Error injection tool using libgv/libsmi ,CST,Gibraltar,,,,,,,07/Feb/20 6:51 PM,22/Oct/20 11:18 PM,GPU Virtualization,Hypervisor Driver,P2 (Must Solve),,
SWDEV-222450,1514189,[Gibraltar] 148477889 Provide example for gpuvsmi_get_host_driver_version,CST,gibraltar,,,,,,10/Oct/20 1:02 AM,07/Feb/20 6:31 PM,,GPU Virtualization,Hypervisor Driver,P3 (Solution Desired),10/Oct/20 12:58 AM,10/Oct/20 1:00 AM
PLAT-58551,1513650,143968606 [Gibraltar] gpu initialization skipped due to bad - AMDGIM_ERROR_PF_POST_VBIOS_FAIL,CST,gibraltar,gibraltar_customer,,,,,,07/Feb/20 12:43 PM,12/Feb/20 10:46 AM,CPU,Program,P3 (Solution Desired),,
RTGPLAT-3492,1512527,143968606 [Gibraltar] gpu initialization skipped due to bad - AMDGIM_ERROR_PF_POST_VBIOS_FAIL,,,,,,,,,06/Feb/20 12:39 PM,07/Feb/20 12:45 PM,Firmware,General,P4 (No Impact/Notify),,
SWDEV-221799,1510176,Gibraltar [148790381] Documentation for gpuvsmi_allocate_vf,CST,Gibraltar,SMILIB,,,,,,04/Feb/20 2:34 AM,,,,P2 (Must Solve),25/Feb/20 7:35 AM,18/Mar/20 12:50 PM
SWDEV-221709,1509688,[Gibraltar][libGV][148641533]  make alloc_vf_with_parameters take parameters,Gibraltar,SMILIB,,,,,,24/Apr/20 11:46 AM,03/Feb/20 12:14 PM,,GPU Virtualization,General,P2 (Must Solve),11/Feb/20 11:14 AM,11/Feb/20 11:15 AM
SWDEV-221331,1507523,[Gibraltar] Stadia games are showing approx. 50pct lower score on navi12 720p 1080p,,,,,,,,05/Feb/20 1:21 PM,30/Jan/20 11:37 AM,,GPU Virtualization,Linux Guest Base Driver,P2 (Must Solve),05/Feb/20 1:20 PM,05/Feb/20 1:20 PM
SWDEV-221066,1506084,Gibraltar [148464885] Hang on Navi12 with libgv 1.9 and 20Q1-Beta-KMD-Pre-Release-Internal-Use-Only-Software,gibraltar,,,,,,,12/Feb/20 9:13 AM,28/Jan/20 5:26 PM,31/Jan/20 3:57 PM,GPU Virtualization,Hypervisor Driver,P2 (Must Solve),,
SWDEV-221064,1506082,Gibraltar [148398937] API to get BDF for all PFs -- gpuvsmi_get_pf_bdf,CST,Gibraltar,SMILIB,,,,,,28/Jan/20 5:24 PM,,,,P2 (Must Solve),11/Feb/20 11:24 AM,11/Feb/20 11:25 AM
SWDEV-221059,1506072,Gibraltar [148464500] Improve logging when an api fails,CST,Gibraltar,SMILIB,,,,,,28/Jan/20 5:08 PM,,,,P3 (Solution Desired),13/Feb/20 9:11 AM,21/Feb/20 6:43 AM
SWDEV-221036,1505895,Gibraltar [148395175]Â libgv1.9-beta has compile errors,CST,Gibraltar,,,,,,28/Apr/20 2:38 PM,28/Jan/20 2:18 PM,,GPU Virtualization,Hypervisor Driver,P2 (Must Solve),31/Jan/20 9:14 AM,31/Jan/20 9:14 AM
LWPVATS-59,1504335,[Gibraltar][Vats2] Vats2 installation stuck on depmod on MI-25,CST,Gibraltar,sprint_200210,,,,,06/May/20 12:46 PM,25/Jan/20 7:56 PM,,GPU Virtualization,VATS2,Undefined,25/Feb/20 1:59 AM,25/Feb/20 1:59 AM
SWDEV-220511,1502683,Gibraltar [148152372] AMDGIM_ERROR_PF_READ_VBIOS_FAIL on all gpus on a machine,CST,Gibraltar,,,,,,,23/Jan/20 12:14 AM,04/Jun/20 5:17 AM,GPU Virtualization,Hypervisor Driver,P3 (Solution Desired),,
SWDEV-220501,1502588,Gibraltar [148147219] ATOM parse table failed! on many machines running RC8,CST,Gibraltar,,,,,,,22/Jan/20 7:55 PM,,GPU Virtualization,Hypervisor Driver,P2 (Must Solve),,
VCESWT-4312,1502344,[Gibraltar][amdgflash] amdgflash crash on running in G's system,,,,,,,,,22/Jan/20 2:12 PM,,AMDGFLASH,AMDGFLASH,P1 (Gating),02/Mar/20 3:44 PM,02/Mar/20 3:44 PM
SWDEV-220454,1502233,Gibraltar [147698416] Fix warnings by treating them as errors,CST,Gibraltar,,,,,,30/Jan/20 2:21 PM,22/Jan/20 12:25 PM,30/Jan/20 2:17 PM,GPU Virtualization,Hypervisor Driver,Undefined,,
SWDEV-220306,1501401,"Gibraltar [147691944] PPSMC_MSG_SetDriverDramAddrLow failed, SET_DPM_POLICY_FAIL error raised",CST,Gibraltar,,,,,,,21/Jan/20 2:21 PM,,GPU Virtualization,Hypervisor Driver,P2 (Must Solve),,
VCESWT-4306,1498902,"[Gibraltar][amdgflash] amdflash failed with -pfx_device=0,2,4,6,8 -pfx_loadfw=... parameters.",Gibraltar,Gibraltar-Rome-Blocker,,,,,,,17/Jan/20 2:30 PM,,AMDGFLASH,AMDGFLASH,P2 (Must Solve),20/Jan/20 12:20 PM,20/Jan/20 12:21 PM
RTGPLAT-3314,1498330,[Gibraltar][NV12] G reported FRU reading error in NV12,Gibraltar,,,,,,,26/Feb/20 3:10 PM,17/Jan/20 8:34 AM,,Board/Socket Related,Board Design,P2 (Must Solve),,26/Feb/20 3:09 PM
SWDEV-219767,1497837,[Gibraltar][libgv1.9] Nice to have features for field debugging. ,,,,,,,,,16/Jan/20 4:59 PM,,GPU Virtualization,General,Undefined,,
SWDEV-219755,1497758,"[Gibraltar][libGV] Is there anyway to diff the ES, PRE-ES, QS NV12 card from libsmi interface? . ",,,,,,,,,16/Jan/20 3:27 PM,,,,Undefined,,
SWDEV-219588,1496791,[Gibraltar][libGV1.9] kernel crash when run alloc_vf_with_parameters from smi-lib/examples/basic-query,,,,,,,,09/Mar/20 9:01 AM,15/Jan/20 3:06 PM,09/Mar/20 9:01 AM,Linux - All Open (amdgpu),Base,P3 (Solution Desired),,
VCESWT-4293,1493603,[Gibraltar][AMDVBFLASH][V340L] G accidentally flash the MI25 vbios into the V340L,,,,,,,,,10/Jan/20 4:53 PM,,AMDVBFlash,AMDVBFlash,P2 (Must Solve),,
SWDEV-218574,1490599,[Gibraltar][Gibabytes][libGV] Interop issue with Gigabytes test systems use for V340L testing. ,,,,,,,,05/Oct/20 1:35 PM,07/Jan/20 12:25 PM,,GPU Virtualization,General,P2 (Must Solve),05/Oct/20 1:32 PM,05/Oct/20 1:33 PM
VCESWT-4285,1489806,Gibraltar [147150839] atiflash accessing kernel memory,CST,Gibraltar,,,,,,,06/Jan/20 3:22 PM,,AMDVBFlash,AMDVBFlash,P2 (Must Solve),04/Feb/20 9:35 AM,04/Feb/20 9:35 AM
SWDEV-217565,1485440,[Gibraltar][libGV] Have monitor tool use printf rather than printw. ,,,,,,,,,24/Dec/19 10:22 AM,,,,Undefined,,
SWDEV-217564,1485438,[Gibraltar][libGV]  Rename messages and kernel module in Libgv based drive,,,,,,,,28/Jan/20 10:11 AM,24/Dec/19 10:16 AM,27/Jan/20 10:45 AM,,,P2 (Must Solve),24/Jan/20 11:25 AM,24/Jan/20 11:25 AM
SWDEV-217461,1484911,Gibraltar [146643979] Timeout of waiting command complete,CST,Gibraltar,,,,,,,23/Dec/19 1:46 PM,,GPU Virtualization,Hypervisor Driver,Undefined,,
RTGPLAT-3088,1483450,[Gibraltar] V340 PFX FW config update to disable DPC,CST,Gibraltar,,,,,,,19/Dec/19 5:27 PM,,Firmware,General,P2 (Must Solve),,
VCESWT-4253,1482568,[Gibraltar][AMDVBFLASH][V340L] amdvbflash unable to read the flash from Semitruck EVT System. ,,,,,,,,07/Aug/20 4:36 PM,18/Dec/19 7:19 PM,19/Dec/19 3:18 PM,AMDVBFlash,AMDVBFlash,P1 (Gating),,
SWDEV-216903,1482376,[Gibraltar][146143463]Unable to get wave state from VM,CST,gibraltar,Gibraltar,gibraltar_19q3,gibraltar_customer,l1-security,NicetoHave,21/Jul/20 6:46 PM,18/Dec/19 1:27 PM,21/Jul/20 6:04 PM,GPU Virtualization,Linux Guest Base Driver,P3 (Solution Desired),,
SWDEV-215989,1477380,[Gibraltar][146033534]Many machines reporting AMDGIM_ERROR_VBIOS_INVALID,gibraltar,,,,,,,,11/Dec/19 1:09 PM,,GPU Virtualization,General Triage,P1 (Gating),,
SWDEV-214822,1469952,[Gibraltar][amdgpu][Rome] amdgpu from ubuntu 19.04 boot failed with V340L after auto update,,,,,,,,,02/Dec/19 2:12 PM,,Linux - All Open (amdgpu),Base,Undefined,,
SWDEV-213571,1463769,[Gibraltar][amdgpu-pro] Kernel fault on kdf when running clinfo in Ubuntu 18.04 + amdgpu-pro 19.40 in Semitruck + NV12 ,,,,,,,,,22/Nov/19 10:50 AM,,Linux - Pro (amdgpu),HSA KFD,Undefined,,
SWDEV-211627,1454982,143968606 [Gibraltar] Atom vbios fails to load - AMDGIM_ERROR_PF_POST_VBIOS_FAIL,,,,,,,,27/Feb/20 2:54 PM,12/Nov/19 2:24 AM,27/Feb/20 2:54 PM,GPU Virtualization,Hypervisor Driver,P3 (Solution Desired),,
VCESWT-4135,1449415,[Gibraltar][NV12] AGT output invalid PCIe Gen4 speed,Gibraltar,,,,,,,,05/Nov/19 2:41 PM,,AGT,AGT,P3 (Solution Desired),20/Nov/19 5:34 PM,20/Nov/19 5:34 PM
SWLRCE-261,1444489,[Gibraltar][143533272]AMDGIM_ERROR_PF_ECC_ERROR error reported on large number of machines,CST,gibraltar,gibraltar_customer,,,,,,29/Oct/19 5:46 PM,,,,Undefined,,
RTGPLAT-2659,1444173,[Gibraltar][143484015]Probing switchtec Management Endpoint on Gen4 PFX switch of Navi12 Caused AMD Rome Hosts to Reboot,CST,gibraltar,Gibraltar,gibraltar_customer,Gibraltar-Rome,,,05/Nov/19 12:19 PM,29/Oct/19 11:39 AM,,Driver,Others,P1 (Gating),,05/Nov/19 12:14 PM
PLAT-53850,1444167,[Gibraltar][143484015]Probing switchtec Management Endpoint on Gen4 PFX switch of Navi12 Caused AMD Rome Hosts to Reboot,CST,gibraltar,Gibraltar,gibraltar_customer,Gibraltar-Rome,,,29/Oct/19 11:35 AM,29/Oct/19 11:33 AM,29/Oct/19 11:35 AM,GPU,Board Design,Undefined,,
SWDEV-208982,1441289,[Gibraltar] Enable Linux Kernel 5.4 for Gaming Guest Instance VM,CST,gibraltar,Gibraltar,,,,,09/Jun/20 5:15 AM,24/Oct/19 12:41 PM,,,,P2 (Must Solve),29/Apr/20 5:20 AM,08/May/20 2:04 AM
SWDEV-208975,1441252,[Gibraltar][143267833] Enable Vulkan UMD SW stack with Clang compiler,amdvlk-task,CST,gibraltar,Gibraltar-vk,,,,,24/Oct/19 11:48 AM,,Vulkan,Vulkan Linux,P3 (Solution Desired),01/Apr/20 9:36 PM,01/Apr/20 9:37 PM
SWDEV-208974,1441250, [Gibraltar] Enable gaming SW stack with Clang compiler,CST,gibraltar,Gibraltar,,,,,,24/Oct/19 11:46 AM,,,,P3 (Solution Desired),04/Nov/19 2:54 AM,04/Nov/19 2:55 AM
LWPJAMASPPT-884,1439451,Request Jama access,,,,,,,,23/Oct/19 6:58 AM,22/Oct/19 5:20 PM,,,,Undefined,,23/Oct/19 6:56 AM
RTGPLAT-2507,1432701,[Gibraltar][142856658][NV12]  Some NV12 fail to show up in lspci in G's Semitruck platform,Gibraltar,Gibraltar_BLOCKING,,,,,,09/Apr/20 1:26 PM,14/Oct/19 12:54 PM,,Board/Socket Related,Board Design,P2 (Must Solve),,19/Nov/19 3:22 PM
SWDEV-208279,1431369,[Gibraltar][142332740] AMDGPU reset recovery broken in some cases,gibraltar,gibraltar_customer,,,,,,,11/Oct/19 11:30 AM,,GPU Virtualization,Hypervisor Driver,P2 (Must Solve),09/Jan/20 4:53 AM,10/Oct/20 1:38 AM
SWDEV-206983,1430575,Better Interpretation of option_vm_reboot_repeat_run_num,,,,,,,,,10/Oct/19 2:35 PM,10/Dec/19 1:29 AM,GPU Virtualization,VATS,Undefined,,
SWDEV-206837,1429758,[Gibraltar][142266307] Mailbox handshake potential failure during guest driver initialization,gibraltar,gibraltar_customer,gibraltar19q3,,,,,10/Oct/20 12:55 AM,09/Oct/19 6:15 PM,,GPU Virtualization,Linux Guest Base Driver,P1 (Gating),17/Nov/19 11:11 PM,25/Nov/19 12:12 AM
RTGPLAT-2430,1426781,[Gibraltar][NV12] amdgpu load failed on EthX board,gibraltar,gibraltar_customer,,,,,,25/Oct/19 1:05 PM,04/Oct/19 4:54 PM,,Driver,Other,P1 (Gating),,23/Oct/19 5:44 PM
SWDEV-204758,1417875,image_name_prefix configuration variable processing improvement,,,,,,,,,24/Sep/19 12:28 AM,10/Dec/19 1:37 AM,GPU Virtualization,VATS,Undefined,,
SWDEV-204707,1417512,[Gibraltar]amdgim_do_clrvffb is slow causing kernel tracebacks,gibraltar,gibraltar_customer,,,,,,21/Nov/19 12:02 PM,23/Sep/19 1:44 PM,,Customer Engineering (America),System Engineering (dGPU),P2 (Must Solve),26/Sep/19 11:48 AM,26/Sep/19 11:49 AM
SWDEV-204545,1416420,[Gibraltar][SRIOV] AMDGIM_ERROR_PF_VFS_SCHEDULE_SWITCH_FAILED ,,,,,,,,,20/Sep/19 1:57 PM,,Customer Engineering (America),System Engineering (dGPU),P2 (Must Solve),26/Sep/19 11:06 AM,26/Sep/19 11:07 AM
SWDEV-202183,1402325,[Gibraltar] Page-fault when DOOM running on all  4x GPU,CST,Gibraltar,,,,,,,03/Sep/19 6:30 PM,27/Feb/20 2:42 PM,GPU Virtualization,Linux Guest Base Driver,P2 (Must Solve),,
SWDEV-202134,1402073,[gibraltar] Segfault when DOOM is running on all GPU 4 x V340,CST,Gibraltar,,,,,,,03/Sep/19 1:03 PM,11/Sep/19 1:34 PM,GPU Virtualization,Linux Guest Base Driver,P3 (Solution Desired),,
SWDEV-199425,1384118,[Gibraltar] 2019 Q3 RC5 installation fails due to sources.list URL,CST,Gilbraltar,,,,,,08/Oct/19 9:32 PM,08/Aug/19 7:12 PM,,GPU Virtualization,VATS,P2 (Must Solve),08/Oct/19 9:31 PM,08/Oct/19 9:31 PM
SWDEV-199423,1384105,[Gibraltar][ROME] xgemm fail with IOMMU error when test with Rome CPU + V340L GPU,,,,,,,,,08/Aug/19 5:50 PM,,Linux - All Open (amdgpu),Video BIOS,Undefined,,
SWDEV-199274,1383403,[gibraltar] memcat write fails on V320,CST,gibraltar,,,,,,,08/Aug/19 12:40 AM,13/Aug/19 8:28 AM,GPU Virtualization,Vulkan Linux,Undefined,,
PLAT-49617,1382294,[Gibraltar][ROME] xgemm fail with IOMMU error when test with Rome CPU,,,,,,,,07/Aug/19 8:12 AM,06/Aug/19 2:38 PM,,CPU,Program,P2 (Must Solve),,07/Aug/19 8:10 AM
SWDEV-198726,1380709,"RGP capture trace issue with DOOM, TR2 etc.,",CST,Gibraltar,,,,,,,03/Aug/19 9:23 PM,24/Feb/20 4:35 PM,GPU Virtualization,Vulkan Linux,P3 (Solution Desired),,
SWDEV-198374,1378819,drop-2019-q3-V320-rc3 installation does not complete.,,,,,,,,06/May/20 12:45 PM,31/Jul/19 11:45 PM,06/May/20 12:45 PM,GPU Virtualization,VATS,Undefined,,
SWDEV-198158,1377630,[Gibraltar][libGV]  Need to get GPU board serial SN and read HBM Temp,,,,,,,,,30/Jul/19 2:00 PM,,,,Undefined,,
SWDEV-197654,1373942,Parametrize ethernet device assignment to base VM,,,,,,,,09/Dec/19 1:23 AM,25/Jul/19 2:15 PM,09/Dec/19 1:23 AM,GPU Virtualization,VATS,Undefined,,
SWDEV-196468,1367402,DPM test case uses hardcoded value for unload GIM timeout,,,,,,,,,17/Jul/19 1:10 AM,10/Dec/19 1:47 AM,GPU Virtualization,VATS,Undefined,,
SWDEV-196261,1366093,nmcli configuration to be included in auto-test VATS,Gibraltar,,,,,,,,15/Jul/19 4:40 PM,10/Dec/19 1:50 AM,GPU Virtualization,VATS,Undefined,,
SWDEV-196233,1365909,enable start default network on auto-test VATS when host just rebooted,"CST,",,,,,,,,15/Jul/19 1:29 PM,10/Dec/19 1:49 AM,GPU Virtualization,VATS,Undefined,,
SWDEV-195648,1361992,[Gibraltar] memcat write is not reliable ,CST,gibraltar,,,,,,18/Mar/20 8:01 PM,09/Jul/19 1:19 PM,18/Mar/20 6:28 PM,GPU Virtualization,3rd Party SW,P3 (Solution Desired),,
SWDEV-192720,1345607,V320 and MI-25 shows same DID 1002:6860 in PCIe configuration space,CST,Gibraltar,,,,,,13/Aug/20 1:44 PM,13/Jun/19 8:43 PM,09/Apr/20 3:46 AM,Firmware,VBIOS,P3 (Solution Desired),,
SWDEV-192601,1344548,The order of amdkfd and amdgpu can cause xgemm fail with multi GPU ,CST,gibraltar,,,,,,27/Feb/20 2:50 PM,12/Jun/19 5:40 PM,27/Feb/20 2:50 PM,GPU Virtualization,General,Undefined,,
VCESWT-3769,1335056,[Gibraltar] Customer reported issue with atiflash when debugging P0,,,,,,,,07/Aug/20 4:35 PM,29/May/19 12:07 PM,04/Sep/19 11:28 AM,AMDVBFlash,AMDVBFlash,P2 (Must Solve),02/Sep/19 11:34 PM,02/Sep/19 11:35 PM
EL2-157,1330749,[Gibraltar] Performance issue observed on V340L + Daytona Rome B0 platform. . ,Gibraltar-Rome,,,,,,,05/Aug/19 3:15 PM,22/May/19 5:14 PM,,NA,NA,P2 (Must Solve),,23/Jul/19 12:24 PM
SWLRCE-237,1317298,Navi-10 test/bring-up,,,,,,,,01/May/19 4:26 PM,01/May/19 4:15 PM,01/May/19 4:26 PM,,,Undefined,,01/May/19 4:26 PM
SWDEV-188313,1317237,[Gibraltar]  Seeing TESTSMC_MSG_GetAgmTableVersion   error msg in the dmesg in both our tests and Customer's Test.,gibraltar,,,,,,,,01/May/19 3:26 PM,,GPU Virtualization,General Triage,P2 (Must Solve),07/May/19 2:22 PM,29/May/19 12:33 PM
PLAT-45344,1313579,[Gibraltar] Master GPU Performance Issue observed with Q3RC6 VBIOS - 25% of the normal speed and only finished 150 XGEMM tests.,Gibraltar,,,,,,,06/Aug/19 3:37 PM,25/Apr/19 1:39 PM,,GPU,Program,P1 (Gating),,06/Aug/19 3:36 PM
SWDEV-187506,1312865,[Gibraltar][v320]VM-destroy3 (case 29) failed 5/5,CST,gibraltar,,,,,,,24/Apr/19 4:18 PM,,GPU Virtualization,General,P2 (Must Solve),17/Jun/19 9:29 PM,17/Jun/19 11:16 PM
SWDEV-187369,1312001,[Gibraltar][v320] DPM test failed with given option,CST,Gibraltar,v320,,,,,09/Dec/19 1:04 AM,23/Apr/19 5:53 PM,09/Dec/19 1:04 AM,GPU Virtualization,General,P3 (Solution Desired),,
SWDEV-186710,1307629,[Gibraltar] V320 amdgpu post error on VM,,,,,,,,16/Apr/19 2:16 PM,16/Apr/19 1:38 PM,16/Apr/19 2:15 PM,GPU Virtualization,General,Undefined,,
SWDEV-186586,1306908,[MSFT][Azure] Perf number for webgl on Firefox on VM is low. ,,,,,,,,,15/Apr/19 5:57 PM,06/Aug/19 3:58 PM,GPU Virtualization,OpenGL Windows,P2 (Must Solve),,
VCESWT-3645,1295828,"Amdvbflash reports the ""No VBIOS"" on one GPU while the gim is able to load and report it runs fine. ",Gibraltar,,,,,,,,29/Mar/19 1:46 PM,,AMDVBFlash,AMDVBFlash,P2 (Must Solve),11/Apr/19 11:47 PM,11/Apr/19 11:47 PM
SWDEV-184037,1291298,[Gibraltar][SRIOV] 3DMark test fail in 12 GPU / 12 VM test,gibraltar,,,,,,,19/Jun/19 9:22 PM,22/Mar/19 2:03 PM,,GPU Virtualization,Hypervisor Driver,P2 (Must Solve),19/Jun/19 9:21 PM,19/Jun/19 9:21 PM
VCESWT-3600,1284063,[Gibraltar]atitool 1.13.0.9 crash at Customer's system.,,,,,,,,07/Aug/20 4:33 PM,12/Mar/19 12:53 PM,07/Aug/20 4:32 PM,ATITOOL,ATITool,P1 (Gating),,
VCESWT-3599,1283975,[Gibraltar][128425086]  agt core dump in V340 system. ,gibraltar,Gibraltar,gibraltar_customer,,,,,20/Mar/20 7:58 AM,12/Mar/19 12:31 PM,20/Mar/20 6:28 AM,AGT,AGT,P1 (Gating),,
LWPJAMASPPT-170,1266118,Request Jama access,,,,,,,,26/Feb/19 1:55 PM,13/Feb/19 12:20 PM,,,,Undefined,13/Feb/19 1:33 PM,13/Feb/19 1:33 PM
VCESWT-3539,1265467,"[Gibraltar] AGT  -i=0 -mcallhbmtemperature readback zero , ",Gibraltar,,,,,,,,12/Feb/19 3:19 PM,,AGT,AGT,P3 (Solution Desired),,
SWDEV-179798,1265290,[Gibraltar][SRIOV] LibGV please add board serial # to libGV api support.,Gibraltar,,,,,,,,12/Feb/19 11:41 AM,,,,P2 (Must Solve),,
SWDEV-179488,1263688,[Gibraltar][SRIOV] Nice to have features for field debugging. ,gibraltar,,,,,,,,08/Feb/19 1:22 PM,23/Oct/19 1:52 PM,,,P2 (Must Solve),,
SWDEV-179007,1259965,[Gibraltar][123650119] Vega10 passthrough multi session VM requirement for Devkit,gibraltar,gibraltar_customer,V320,,,,,18/Mar/20 1:13 AM,04/Feb/19 4:43 PM,,,,P2 (Must Solve),03/Jul/19 1:46 AM,03/Jul/19 1:47 AM
SWDEV-178022,1254458,[Gibraltar] Gim driver load failed after warm reboot - MI25-150W,CST,gibraltar,,,,,,11/Apr/19 3:37 PM,25/Jan/19 11:55 AM,,GPU Virtualization,General,P2 (Must Solve),08/Feb/19 10:51 AM,08/Feb/19 10:52 AM
VCESWT-3517,1252831,[Gibraltar 122920108] atitool core dump when try to collect pmlog,Gibraltar,,,,,,,,23/Jan/19 12:24 PM,,ATITOOL,ATITool,P1 (Gating),25/Feb/19 10:51 AM,01/Mar/19 5:54 PM
VCESWT-3501,1247738,agt -i coredump on system. ,Gibraltar,,,,,,,25/Feb/19 4:49 AM,15/Jan/19 3:17 PM,25/Feb/19 4:48 AM,AGT,AGT,P1 (Gating),,
VCESWT-3492,1245025,"Both customer/ internal team observed that AGT/Atitool hang with ""bad GPU"" HW",Gibraltar,,,,,,,,10/Jan/19 12:26 PM,25/Mar/20 1:52 PM,AGT,AGT,Undefined,,
SWDEV-174974,1238070,[Gibraltar][121269421]NMI watchdog: BUG: soft lockup after inserting gim driver,gibraltar,gibraltar_customer,,,,,,,21/Dec/18 11:29 AM,,GPU Virtualization,General,P1 (Gating),10/Jan/19 12:16 AM,28/Feb/19 8:54 PM
SWDEV-174265,1233855,[Gibraltar][MI25-300w] FB Scan Failed ,CST,Gibraltar,vega10,,,,,,13/Dec/18 11:44 AM,,GPU Virtualization,Hypervisor Driver,P2 (Must Solve),02/May/19 8:30 AM,02/May/19 8:31 AM
SWDEV-173168,1225876,[Gibraltar][MI25-300w] multiprocess failed with kernel error dmesg log from guest,CST,gibraltar,vega10,,,,,03/Jan/19 2:18 PM,03/Dec/18 1:35 PM,03/Jan/19 2:17 PM,GPU Virtualization,General,Undefined,,
SWDEV-167282,1190705,"Unable to run EGL program with amdgpu pro EGL lib, works fine with mesa open source EGL lib.",,,,,,,,,03/Oct/18 4:13 PM,,GPU Virtualization,OpenGL Workstation Linux,P3 (Solution Desired),17/Jan/19 8:38 PM,17/Apr/20 2:58 AM
SWDEV-163498,1169920,[Gibraltar] VCE DPM level can be changed on VM environment thru ATITOOL,gibraltar,,,,,,,,27/Aug/18 3:57 PM,,GPU Virtualization,Linux Guest Base Driver,P3 (Solution Desired),30/Jan/19 6:27 AM,30/Jan/19 6:27 AM
